page,prefix
1,#1
2,#2
3,#11
4,#21
5,#52
6,#53
7,#54
8,#55
9,#56
10,#57
11,#58
12,#59
13,#60
14,#61
15,#62
16,#63
17,#24
18,#36
19,#37
20,#38
21,#39
22,#39B
23,#29
24,#28
25,#40
26,#41
27,#43
28,#23
29,#19
30,#44
31,#45
32,#47
33,#93
34,#95
35,#94
36,#91
37,#82
38,#77
39,#76
40,#74
41,#73
42,#71
43,#70
44,#68
45,#86
46,#83
47,#48
48,#66
49,#67
50,#49
51,#50
52,#51
53,#10
54,#12
55,#13
56,#14
57,#15
58,#16
59,#17
60,#18
61,#20
62,#22
63,#25
64,#26
65,#27
66,#30
67,#31
68,#32
69,#33
70,#34
71,#3
72,#4
73,#5
74,#6
75,#7
76,#8
77,#9
78,#35
79,#64
80,#65
81,#69
82,#72
83,#75
84,#78
85,#79
86,#80
87,#81
88,#84
89,#85
90,#87
91,#88
92,#89
93,#90
94,#92
95,#96
96,#97
97,#98
98,#46
99,#42
